Scenario,Month24 ARR,Month24 MRR,Average Retention Rate,Average NRR,Minimum ARR
low_churn,2595273.09,216272.76,0.990325,1.0031333333333334,2019537.72
base,2489042.45,207420.2,0.9902000000000001,1.0020458333333335,2015825.81
high_churn,2067074.81,172256.23,0.9885333333333333,0.9955374999999999,1999129.3
recession,1508087.87,125673.99,0.988425,0.9846333333333334,1508087.87
competition,1782757.14,148563.1,0.9888,0.9913083333333333,1782757.14
saturation,1886907.3,157242.27,0.9897208333333333,0.9946916666666666,1886907.3
