Metric,Mean,P05,P95
CLV,29864.021442182937,25672.09762805114,34603.82856935047
CAC,21419.104901884028,17352.119663508784,26025.303492771567
CLV/CAC Ratio,1.4046938180972743,1.2115698743561778,1.6314416731064432
