model_domain,earned,possible,score_pct
SaaS,89.0,147,60.544217687074834
Streaming,102.5,147,69.72789115646259
