model_domain,earned,possible,score_pct
SaaS,88.5,147,60.204081632653065
Streaming,95.0,147,64.62585034013605
