model_domain,earned,possible,score_pct
SaaS,122.0,147,82.99319727891157
Streaming,122.5,147,83.33333333333334
