Month_Since_Churn,Voluntary_Monthly_Rate,Involuntary_Monthly_Rate
1,0.1,0.35
2,0.065,0.15
3,0.065,0.09
4,0.0233333333,0.05
5,0.0233333333,0.03
6,0.0233333333,0.024
7,0.0233333333,0.0
8,0.0233333333,0.0
9,0.0233333333,0.0
10,0.0133333333,0.0
11,0.0133333333,0.0
12,0.0133333333,0.0
