Metric,Mean,P05,P95
CLV,27956.084557020997,23869.783655347033,32690.896936235462
CAC,21913.845433654107,18426.258688336486,25778.397520502687
CLV/CAC Ratio,1.2805615494591778,1.1236653086567816,1.4605068832738115
