Driver Test,Month24 ARR,Delta vs Base,Abs Delta
Stress regime,1330196.79,-1112680.15,1112680.15
Recession,1795057.72,-647819.22,647819.22
High churn,2032584.37,-410292.56999999983,410292.56999999983
Top customer loss,2066061.19,-376815.75,376815.75
Deal slippage,2305589.55,-137287.39000000013,137287.39000000013
