Metric,Mean,P05,P95
CLV,30515.711967107123,26310.601377232146,35291.25375910742
CAC,21419.104901884028,17352.119663508784,26025.303492771567
CLV/CAC Ratio,1.435349411621925,1.243295538166439,1.6603484083628428
CAC Payback Months,20.765456506735944,18.042866282266967,23.476157103198823
