Scenario,Month24 Total MRR,Month24 ARR,Average Net Churn Rate,Average Reactivation Dampening %,Minimum ARR Run Rate
bull,20047.3,240567.57,0.023441666666666666,0.3221041666666667,142962.94
base,13412.69,160952.24,0.023462499999999997,0.3266541666666667,137808.14
recession,7472.12,89665.43,0.026454166666666667,0.3374791666666666,89665.43
competition,6580.2,78962.4,0.026216666666666666,0.33742500000000003,78962.4
saturation,7899.88,94798.57,0.023991666666666665,0.3413,94798.57
