Scenario,Month24 ARR,Month24 Total MRR,Average Net Churn,Average Dampening,Min ARR
base,172424.4,14368.7,0.02363333333333333,0.32283749999999994,134120.7
bull,187148.06,15595.67,0.023070833333333332,0.32055833333333333,136318.46
recession,133714.49,11142.87,0.026954166666666668,0.3299625,130540.21
competition,139214.45,11601.2,0.02685416666666667,0.32897916666666666,132049.28
saturation,131180.61,10931.72,0.024608333333333333,0.3332208333333333,130594.96
failed_price,157513.87,13126.16,0.0242375,0.3247791666666667,133723.41
stress,98922.08,8243.51,0.030591666666666666,0.338925,98922.08
