Driver Test,Month24 ARR,Delta vs Base,Abs Delta
Stress regime,98922.08,-73502.31999999999,73502.31999999999
Competition shock,139214.45,-33209.94999999998,33209.94999999998
Price growth -200bps,157513.87,-14910.529999999999,14910.529999999999
Billing leakage +20%,172424.4,0.0,0.0
Acquisition rate -20%,172424.4,0.0,0.0
